<?xml version="1.0" encoding="UTF-8"?>
<project-private xmlns="http://www.netbeans.org/ns/project-private/1">
    <editor-bookmarks xmlns="http://www.netbeans.org/ns/editor-bookmarks/2" lastBookmarkId="0"/>
    <open-files xmlns="http://www.netbeans.org/ns/projectui-open-files/2">
        <group>
            <file>file:/C:/Users/Joel/Documents/NetBeansProjects/CRUD-MVC-JAVA/web/vistas/listar.jsp</file>
            <file>file:/C:/Users/Joel/Documents/NetBeansProjects/CRUD-MVC-JAVA/web/index.jsp</file>
            <file>file:/C:/Users/Joel/Documents/NetBeansProjects/CRUD-MVC-JAVA/web/vistas/add.jsp</file>
            <file>file:/C:/Users/Joel/Documents/NetBeansProjects/CRUD-MVC-JAVA/src/java/ModeloDAO/PersonaDAO.java</file>
            <file>file:/C:/Users/Joel/Documents/NetBeansProjects/CRUD-MVC-JAVA/web/vistas/edit.jsp</file>
            <file>file:/C:/Users/Joel/Documents/NetBeansProjects/CRUD-MVC-JAVA/src/java/Controlador/Controlador.java</file>
        </group>
    </open-files>
</project-private>
